,
https://www.list.am/user/1080038?pg=21,https://www.list.am//item/16092315
https://www.list.am/user/1080038?pg=21,https://www.list.am//item/16092315
https://www.list.am/user/1080038?pg=21,https://www.list.am//item/16092283
https://www.list.am/user/1080038?pg=21,https://www.list.am//item/16092151
https://www.list.am/user/1080038?pg=21,https://www.list.am//item/16092062
https://www.list.am/user/1080038?pg=21,https://www.list.am//item/16092049
https://www.list.am/user/1080038?pg=21,https://www.list.am//item/16091448
https://www.list.am/user/1080038?pg=21,https://www.list.am//item/13224088
https://www.list.am/user/1080038?pg=21,https://www.list.am//item/13470807
https://www.list.am/user/1080038?pg=21,https://www.list.am//item/13559044
https://www.list.am/user/1080038?pg=21,https://www.list.am//item/15917287
https://www.list.am/user/1080038?pg=21,https://www.list.am//item/15913321
https://www.list.am/user/1080038?pg=21,https://www.list.am//item/13522331
https://www.list.am/user/1080038?pg=21,https://www.list.am//item/13523461
https://www.list.am/user/1080038?pg=21,https://www.list.am//item/13392835
https://www.list.am/user/1080038?pg=21,https://www.list.am//item/12550200
https://www.list.am/user/1080038?pg=21,https://www.list.am//item/14105454
https://www.list.am/user/1080038?pg=21,https://www.list.am//item/13624841
https://www.list.am/user/1080038?pg=21,https://www.list.am//item/14054660
https://www.list.am/user/1080038?pg=21,https://www.list.am//item/13699834
https://www.list.am/user/1080038?pg=21,https://www.list.am//item/13360274
https://www.list.am/user/1080038?pg=21,https://www.list.am//item/17598625
https://www.list.am/user/1080038?pg=21,https://www.list.am//item/17598561
https://www.list.am/user/1080038?pg=21,https://www.list.am//item/15554388
https://www.list.am/user/1080038?pg=21,https://www.list.am//item/15552952
https://www.list.am/user/1080038?pg=21,https://www.list.am//item/15552865
https://www.list.am/user/1080038?pg=21,https://www.list.am//item/15552743
https://www.list.am/user/1080038?pg=21,https://www.list.am//item/15552617
https://www.list.am/user/1080038?pg=21,https://www.list.am//item/15552534
https://www.list.am/user/1080038?pg=21,https://www.list.am//item/12587057
https://www.list.am/user/1080038?pg=21,https://www.list.am//item/14769061
https://www.list.am/user/1080038?pg=21,https://www.list.am//item/13576435
https://www.list.am/user/1080038?pg=21,https://www.list.am//item/12689596
https://www.list.am/user/1080038?pg=21,https://www.list.am//item/12689456
https://www.list.am/user/1080038?pg=21,https://www.list.am//item/13697844
https://www.list.am/user/1080038?pg=21,https://www.list.am//item/15538043
https://www.list.am/user/1080038?pg=21,https://www.list.am//item/13865606
https://www.list.am/user/1080038?pg=20,https://www.list.am//item/13770826
https://www.list.am/user/1080038?pg=20,https://www.list.am//item/12390819
https://www.list.am/user/1080038?pg=20,https://www.list.am//item/12390780
https://www.list.am/user/1080038?pg=20,https://www.list.am//item/12381353
https://www.list.am/user/1080038?pg=20,https://www.list.am//item/12680433
https://www.list.am/user/1080038?pg=20,https://www.list.am//item/12266329
https://www.list.am/user/1080038?pg=20,https://www.list.am//item/13890485
https://www.list.am/user/1080038?pg=20,https://www.list.am//item/14871862
https://www.list.am/user/1080038?pg=20,https://www.list.am//item/14564609
https://www.list.am/user/1080038?pg=20,https://www.list.am//item/12274161
https://www.list.am/user/1080038?pg=20,https://www.list.am//item/13443135
https://www.list.am/user/1080038?pg=20,https://www.list.am//item/13891906
https://www.list.am/user/1080038?pg=20,https://www.list.am//item/14106007
https://www.list.am/user/1080038?pg=20,https://www.list.am//item/13769451
https://www.list.am/user/1080038?pg=20,https://www.list.am//item/12296249
https://www.list.am/user/1080038?pg=20,https://www.list.am//item/11755371
https://www.list.am/user/1080038?pg=20,https://www.list.am//item/13840870
https://www.list.am/user/1080038?pg=20,https://www.list.am//item/12666140
https://www.list.am/user/1080038?pg=20,https://www.list.am//item/13840974
https://www.list.am/user/1080038?pg=20,https://www.list.am//item/13840712
https://www.list.am/user/1080038?pg=20,https://www.list.am//item/13840779
https://www.list.am/user/1080038?pg=20,https://www.list.am//item/13841075
https://www.list.am/user/1080038?pg=20,https://www.list.am//item/13360974
https://www.list.am/user/1080038?pg=20,https://www.list.am//item/13770788
https://www.list.am/user/1080038?pg=20,https://www.list.am//item/12806762
https://www.list.am/user/1080038?pg=20,https://www.list.am//item/17599136
https://www.list.am/user/1080038?pg=20,https://www.list.am//item/17599061
https://www.list.am/user/1080038?pg=20,https://www.list.am//item/17598997
https://www.list.am/user/1080038?pg=20,https://www.list.am//item/17598959
https://www.list.am/user/1080038?pg=20,https://www.list.am//item/17598897
https://www.list.am/user/1080038?pg=20,https://www.list.am//item/13360934
https://www.list.am/user/1080038?pg=20,https://www.list.am//item/13360910
https://www.list.am/user/1080038?pg=20,https://www.list.am//item/13435084
https://www.list.am/user/1080038?pg=20,https://www.list.am//item/14608675
https://www.list.am/user/1080038?pg=20,https://www.list.am//item/12666454
https://www.list.am/user/1080038?pg=20,https://www.list.am//item/12443065
https://www.list.am/user/1080038?pg=20,https://www.list.am//item/13647496
https://www.list.am/user/1080038?pg=20,https://www.list.am//item/12418453
https://www.list.am/user/1080038?pg=20,https://www.list.am//item/12418238
https://www.list.am/user/1080038?pg=20,https://www.list.am//item/12507349
https://www.list.am/user/1080038?pg=20,https://www.list.am//item/14557017
https://www.list.am/user/1080038?pg=20,https://www.list.am//item/13666328
https://www.list.am/user/1080038?pg=20,https://www.list.am//item/12266175
https://www.list.am/user/1080038?pg=20,https://www.list.am//item/12267675
https://www.list.am/user/1080038?pg=20,https://www.list.am//item/12682506
https://www.list.am/user/1080038?pg=20,https://www.list.am//item/12418907
https://www.list.am/user/1080038?pg=20,https://www.list.am//item/13647310
https://www.list.am/user/1080038?pg=20,https://www.list.am//item/13469755
https://www.list.am/user/1080038?pg=20,https://www.list.am//item/12268775
https://www.list.am/user/1080038?pg=20,https://www.list.am//item/12388771
https://www.list.am/user/1080038?pg=20,https://www.list.am//item/13470307
https://www.list.am/user/1080038?pg=20,https://www.list.am//item/12260495
https://www.list.am/user/1080038?pg=20,https://www.list.am//item/12140260
https://www.list.am/user/1080038?pg=20,https://www.list.am//item/12140244
https://www.list.am/user/1080038?pg=20,https://www.list.am//item/12332547
https://www.list.am/user/1080038?pg=20,https://www.list.am//item/12507204
https://www.list.am/user/1080038?pg=20,https://www.list.am//item/12442635
https://www.list.am/user/1080038?pg=20,https://www.list.am//item/12716927
https://www.list.am/user/1080038?pg=20,https://www.list.am//item/12640777
https://www.list.am/user/1080038?pg=20,https://www.list.am//item/12418558
https://www.list.am/user/1080038?pg=20,https://www.list.am//item/12642285
https://www.list.am/user/1080038?pg=20,https://www.list.am//item/13866294
https://www.list.am/user/1080038?pg=20,https://www.list.am//item/13906001
https://www.list.am/user/1080038?pg=20,https://www.list.am//item/13931609
https://www.list.am/user/1080038?pg=20,https://www.list.am//item/12479737
https://www.list.am/user/1080038?pg=20,https://www.list.am//item/13643447
https://www.list.am/user/1080038?pg=20,https://www.list.am//item/12682838
https://www.list.am/user/1080038?pg=20,https://www.list.am//item/13842280
https://www.list.am/user/1080038?pg=20,https://www.list.am//item/13840917
https://www.list.am/user/1080038?pg=20,https://www.list.am//item/14095736
https://www.list.am/user/1080038?pg=20,https://www.list.am//item/16092187
https://www.list.am/user/1080038?pg=20,https://www.list.am//item/13509295
https://www.list.am/user/1080038?pg=20,https://www.list.am//item/12442919
https://www.list.am/user/1080038?pg=20,https://www.list.am//item/14564818
https://www.list.am/user/1080038?pg=20,https://www.list.am//item/12442194
https://www.list.am/user/1080038?pg=20,https://www.list.am//item/12442915
https://www.list.am/user/1080038?pg=20,https://www.list.am//item/12682721
https://www.list.am/user/1080038?pg=20,https://www.list.am//item/13540558
https://www.list.am/user/1080038?pg=20,https://www.list.am//item/12716421
https://www.list.am/user/1080038?pg=20,https://www.list.am//item/12507996
https://www.list.am/user/1080038?pg=20,https://www.list.am//item/16545081
https://www.list.am/user/1080038?pg=20,https://www.list.am//item/17745356
https://www.list.am/user/1080038?pg=20,https://www.list.am//item/17744901
https://www.list.am/user/1080038?pg=20,https://www.list.am//item/14717177
https://www.list.am/user/1080038?pg=20,https://www.list.am//item/14897006
https://www.list.am/user/1080038?pg=20,https://www.list.am//item/13842567
https://www.list.am/user/1080038?pg=20,https://www.list.am//item/13486723
https://www.list.am/user/1080038?pg=20,https://www.list.am//item/12806911
https://www.list.am/user/1080038?pg=20,https://www.list.am//item/12276334
https://www.list.am/user/1080038?pg=20,https://www.list.am//item/12550350
https://www.list.am/user/1080038?pg=20,https://www.list.am//item/13600022
https://www.list.am/user/1080038?pg=20,https://www.list.am//item/13602229
https://www.list.am/user/1080038?pg=20,https://www.list.am//item/11663476
https://www.list.am/user/1080038?pg=20,https://www.list.am//item/11663481
https://www.list.am/user/1080038?pg=20,https://www.list.am//item/13865449
https://www.list.am/user/1080038?pg=20,https://www.list.am//item/16092166
https://www.list.am/user/1080038?pg=19,https://www.list.am//item/13537907
https://www.list.am/user/1080038?pg=19,https://www.list.am//item/13537907
https://www.list.am/user/1080038?pg=19,https://www.list.am//item/12806798
https://www.list.am/user/1080038?pg=19,https://www.list.am//item/12387267
https://www.list.am/user/1080038?pg=19,https://www.list.am//item/14564285
https://www.list.am/user/1080038?pg=19,https://www.list.am//item/13770896
https://www.list.am/user/1080038?pg=19,https://www.list.am//item/12476611
https://www.list.am/user/1080038?pg=19,https://www.list.am//item/13624073
https://www.list.am/user/1080038?pg=19,https://www.list.am//item/12389989
https://www.list.am/user/1080038?pg=19,https://www.list.am//item/12666576
https://www.list.am/user/1080038?pg=19,https://www.list.am//item/13623553
https://www.list.am/user/1080038?pg=19,https://www.list.am//item/12476649
https://www.list.am/user/1080038?pg=19,https://www.list.am//item/13584261
https://www.list.am/user/1080038?pg=19,https://www.list.am//item/12699186
https://www.list.am/user/1080038?pg=19,https://www.list.am//item/12296908
https://www.list.am/user/1080038?pg=19,https://www.list.am//item/12296137
https://www.list.am/user/1080038?pg=19,https://www.list.am//item/12680607
https://www.list.am/user/1080038?pg=19,https://www.list.am//item/12382586
https://www.list.am/user/1080038?pg=19,https://www.list.am//item/12318349
https://www.list.am/user/1080038?pg=19,https://www.list.am//item/12681649
https://www.list.am/user/1080038?pg=19,https://www.list.am//item/12381889
https://www.list.am/user/1080038?pg=19,https://www.list.am//item/12381113
https://www.list.am/user/1080038?pg=19,https://www.list.am//item/12266448
https://www.list.am/user/1080038?pg=19,https://www.list.am//item/12267786
https://www.list.am/user/1080038?pg=19,https://www.list.am//item/12266111
https://www.list.am/user/1080038?pg=19,https://www.list.am//item/12294854
https://www.list.am/user/1080038?pg=19,https://www.list.am//item/12806623
